CGid,EnsemblDualAge.Static_ElasticNoAgeTraf
Intercept,-0.565080411
cg00001364,0
cg00001582,0
cg00003994,0
cg00005112,0
cg00051782,0
cg00060304,0
cg00066554,0
cg00067884,0.028499736
cg00073543,0
cg00079224,0
cg00084577,0
cg00091964,0
cg00096922,0
cg00109076,0
cg00109300,0
cg00116234,0
cg00146676,0
cg00158333,0
cg00159243,0
cg00167491,-0.275475795
cg00187380,0
cg00211337,0
cg00216659,0
cg00247020,0
cg00271154,0
cg00272971,0
cg00297075,0
cg00314427,0
cg00323965,0
cg00331096,0
cg00343217,0
cg00369613,0
cg00399596,0
cg00401433,0
cg00403457,0
cg00409684,0
cg00438946,0
cg00455362,0
cg00462525,0
cg00465284,0
cg00470955,0
cg00474657,0
cg00482994,0
cg00528052,0
cg00531009,0
cg00532890,0
cg00547789,0
cg00553880,0
cg00553886,0
cg00557947,0
cg00563045,0
cg00576279,0
cg00591406,0
cg00594099,0
cg00595237,0
cg00621125,0
cg00650422,0
cg00663972,0
cg00674395,0
cg00689651,0
cg00696388,0
cg00740870,0
cg00741609,0
cg00793774,0
cg00795277,0
cg00810883,0
cg00839434,-0.713127935
cg00841581,0
cg00842325,0
cg00852595,0
cg00860225,0
cg00862376,0
cg00864083,0
cg00877739,0
cg00878023,0
cg00889599,0
cg00906973,0
cg00908601,0
cg00915395,0
cg00925802,0
cg00946032,0
cg00953793,-0.014773686
cg00959249,0
cg00988050,0
cg00994804,0
cg01024113,0
cg01047218,0
cg01061575,0
cg01092932,0
cg01105418,0
cg01107240,-0.024178894
cg01125381,0
cg01130580,0
cg01141580,0
cg01153166,0
cg01153660,0
cg01154505,0
cg01161204,0
cg01171786,0
cg01181227,0
cg01193554,0
cg01214458,0
cg01243312,0
cg01257828,0
cg01290613,0
cg01293647,0
cg01301138,0
cg01324452,0
cg01337143,0
cg01351315,-0.065796425
cg01359274,0
cg01370575,0
cg01384290,0
cg01393939,0
cg01397139,0
cg01403803,0
cg01418441,0
cg01444413,0
cg01452506,0
cg01460805,0
cg01462040,0
cg01473155,0
cg01486146,0
cg01523865,0
cg01524853,0
cg01528792,-0.089512357
cg01538522,0
cg01550545,0
cg01573140,0
cg01580681,0
cg01614615,0
cg01626197,0
cg01653419,0
cg01656588,0
cg01664666,0
cg01683044,-0.253497502
cg01693108,0
cg01705052,0
cg01715384,-0.03738218
cg01717800,0
cg01720337,0
cg01725297,0
cg01740606,0
cg01740766,0
cg01742897,-0.517370684
cg01749784,0
cg01763754,0
cg01782227,0
cg01784909,0
cg01804664,0
cg01812599,0
cg01813294,0
cg01821161,0
cg01823853,0
cg01826959,0
cg01856529,0
cg01863808,0
cg01871214,0.294058256
cg01896761,0
cg01902998,0
cg01903440,0
cg01928902,0
cg01932632,0
cg01940425,0
cg01955745,0
cg01965462,0
cg01975510,0
cg01994205,0
cg01998606,0.034480163
cg02005600,0
cg02019508,0
cg02037503,0
cg02042310,0
cg02052767,0
cg02057063,0
cg02082650,0
cg02089135,-0.019903375
cg02090160,0
cg02093647,0
cg02107842,0
cg02121891,0
cg02124022,0
cg02128244,0
cg02132051,0
cg02135464,0
cg02154074,0
cg02170386,0
cg02171705,0
cg02172466,0
cg02176407,0
cg02184281,0
cg02188160,0
cg02215945,0
cg02219962,0
cg02222250,0
cg02227188,0
cg02227217,0
cg02239968,0
cg02241397,0
cg02251557,0
cg02282892,0
cg02301815,0
cg02317742,0
cg02322989,0
cg02332525,0
cg02360445,0.505286542
cg02388378,0
cg02398612,0
cg02402843,0
cg02420850,0
cg02456288,0
cg02456804,0.065401338
cg02462519,0
cg02470595,0
cg02474076,0
cg02486904,0
cg02498174,0
cg02499249,0
cg02499843,0
cg02505036,0
cg02517134,0
cg02524112,0
cg02525396,0
cg02529685,0
cg02534659,0
cg02538199,0
cg02546833,0
cg02550277,0
cg02551882,0
cg02595474,0
cg02604675,0
cg02622074,0
cg02628016,0
cg02676375,0
cg02693607,0
cg02697649,0
cg02700447,0
cg02712553,0
cg02716646,0
cg02725055,0
cg02732915,0
cg02769235,0
cg02770983,0
cg02794451,0
cg02800396,0
cg02829706,0
cg02839202,0
cg02841933,0
cg02886027,0
cg02886263,0
cg02888146,0
cg02898094,0
cg02899039,0
cg02916332,0
cg02951552,0
cg02955020,0
cg02958263,0
cg02964555,0
cg02982690,0
cg02991558,0
cg02994349,0
cg03008741,0
cg03017480,0
cg03036064,0
cg03036119,0
cg03039483,0
cg03044694,0
cg03045079,0
cg03050127,0
cg03053374,0
cg03058520,0
cg03059018,0
cg03068431,0
cg03069282,-0.08711525
cg03082580,0
cg03086663,0
cg03103218,0
cg03127034,0
cg03133868,0
cg03141679,0
cg03144714,0
cg03146625,0
cg03159396,0
cg03163184,0
cg03174933,0
cg03196097,0
cg03205252,0
cg03206445,0
cg03221837,0
cg03225002,0
cg03231024,0
cg03233918,0
cg03274991,0
cg03284649,0
cg03295083,0
cg03303633,0
cg03311232,0
cg03327468,0
cg03341064,0
cg03350186,0
cg03363289,0
cg03365548,0
cg03383661,0
cg03389662,0
cg03391684,0.037045767
cg03410722,0
cg03427564,0
cg03444965,0
cg03445006,0
cg03445896,0
cg03460032,0
cg03462581,0
cg03469472,0
cg03520983,0.017906668
cg03524461,0
cg03527353,0
cg03532626,-0.082862703
cg03543893,0
cg03547245,0
cg03549582,0
cg03556771,0
cg03576422,0
cg03587925,0
cg03597491,0
cg03639783,0
cg03653137,0
cg03653835,0
cg03663215,0
cg03669298,0
cg03673687,0
cg03676512,0
cg03678139,0
cg03679521,0
cg03682073,0
cg03697136,0
cg03711182,0
cg03717151,0
cg03717201,0
cg03717442,0
cg03724896,0
cg03726556,0
cg03740978,0
cg03767531,0
cg03770593,0
cg03771840,0.089126889
cg03778895,0
cg03779374,0
cg03809346,0
cg03810913,0
cg03811319,0
cg03883331,0
cg03905867,0
cg03917138,0
cg03918304,0
cg03932441,0
cg03947362,0
cg03948870,0
cg03957108,0
cg03960951,0
cg03972751,0
cg03977237,0
cg03981213,0
cg04023996,0
cg04084157,0
cg04100724,0
cg04106641,0
cg04118889,0
cg04134624,0
cg04150055,0
cg04154281,0
cg04167064,0
cg04178407,0
cg04190578,0
cg04198941,0
cg04218899,0
cg04221461,0
cg04228573,0
cg04234156,0
cg04250847,0
cg04265576,0
cg04288975,0
cg04293733,0
cg04300684,0
cg04317399,0
cg04327947,0
cg04330371,0
cg04339553,0
cg04399083,0
cg04407762,0
cg04412186,0
cg04418091,0
cg04423188,0
cg04435546,0
cg04444761,0
cg04447890,-0.023061376
cg04453140,0
cg04477010,0
cg04480914,0
cg04486940,0
cg04493740,0
cg04504095,0
cg04518304,0
cg04525496,0
cg04529370,0
cg04549703,0
cg04555097,0
cg04561327,0
cg04561332,0
cg04564000,0
cg04576672,0
cg04582364,0
cg04590323,0
cg04604143,0
cg04604276,0
cg04609859,0
cg04611179,0
cg04613777,0
cg04634493,0
cg04645545,0
cg04675539,0
cg04688368,0
cg04710768,0
cg04728121,0
cg04737131,0
cg04750593,0
cg04784672,0
cg04794183,0
cg04801716,0
cg04802034,0
cg04830409,0
cg04836221,0.065769797
cg04844016,0
cg04845649,0
cg04863892,0
cg04865264,0
cg04867509,0
cg04873147,0
cg04882273,0
cg04906879,0
cg04907802,0
cg04920416,0
cg04920773,0
cg04926767,0
cg04929868,0
cg04960243,0
cg04982951,0
cg05006349,0
cg05014952,0
cg05017276,0
cg05022363,0
cg05032059,0
cg05039548,0
cg05039671,0
cg05052194,0
cg05052463,0
cg05061107,0
cg05075308,0
cg05082095,0
cg05085809,0
cg05098471,0
cg05108467,0
cg05120715,0
cg05125455,0
cg05127380,0
cg05136263,0
cg05146658,0
cg05147195,0
cg05150697,0
cg05155965,0
cg05166408,0
cg05166684,0
cg05194810,0
cg05202136,0
cg05213609,0
cg05234151,0
cg05256656,0
cg05257947,0
cg05296643,0
cg05313153,0
cg05316006,0
cg05320089,0
cg05362516,0
cg05362669,0
cg05368275,0
cg05377512,0
cg05387692,0
cg05393688,0.017872308
cg05395648,0
cg05397631,0
cg05409038,0
cg05433039,0
cg05465498,0
cg05470179,0
cg05496363,0
cg05500919,0
cg05506365,0.195873429
cg05537796,0
cg05542681,0
cg05543909,-0.042263339
cg05575054,0
cg05589845,0.031063571
cg05603896,0
cg05622324,0
cg05630725,0
cg05656590,0
cg05664581,0
cg05664895,0
cg05675373,0
cg05712938,0
cg05740609,0
cg05755354,0
cg05759182,0
cg05774801,0
cg05775627,0
cg05781984,0
cg05797732,-0.238095281
cg05802169,0
cg05820448,0
cg05825073,0
cg05839636,0
cg05867960,0
cg05907933,0
cg05915139,0
cg05934778,0
cg05943335,0
cg05949171,0
cg05965853,0
cg05973305,0
cg05977669,0
cg05978546,0
cg05982757,0
cg05992357,0
cg05994794,0
cg06018531,0
cg06023161,0
cg06035247,0
cg06055229,0
cg06063479,0
cg06093379,0
cg06100991,0
cg06126658,0
cg06126829,0
cg06147822,0
cg06154860,0
cg06156376,0
cg06166932,0
cg06169648,0
cg06179749,0
cg06186992,0
cg06196984,0
cg06197482,0
cg06216926,0
cg06225294,0
cg06230736,0
cg06251539,0
cg06251571,0
cg06259996,0
cg06272543,0
cg06303875,0.005315443
cg06310285,0
cg06310715,0
cg06330691,0
cg06332339,0
cg06338499,0
cg06361405,0
cg06384413,0
cg06391468,0
cg06392318,0
cg06393286,0
cg06406458,0
cg06418113,0
cg06423975,0
cg06456512,0
cg06472065,0
cg06472439,0
cg06479604,0
cg06489241,0
cg06499652,0
cg06529027,0
cg06537244,0
cg06590610,0
cg06602723,0
cg06606386,0
cg06620993,0
cg06624291,0
cg06626359,0
cg06635150,0
cg06637963,0
cg06655030,0
cg06679494,0
cg06685968,0
cg06691214,0
cg06736685,0
cg06744585,0
cg06747919,0
cg06758077,0
cg06760710,0
cg06766626,0
cg06782204,0
cg06783533,0
cg06784108,0
cg06784824,0
cg06786167,0
cg06792724,0
cg06794263,0
cg06811295,0
cg06821075,0
cg06821993,0
cg06824013,0
cg06834901,0
cg06856188,0
cg06873806,0
cg06875255,0
cg06877198,0
cg06885782,0
cg06905511,-0.081627129
cg06907391,0
cg06916059,0
cg06921573,0
cg06928484,0
cg06936709,0
cg06949081,-0.048446959
cg06954658,0
cg06960698,0
cg06963053,0
cg06964030,0
cg06997381,0
cg07002423,0
cg07003579,0
cg07018026,0
cg07024996,0
cg07032889,0
cg07048527,0
cg07056567,0
cg07060006,0
cg07104706,0
cg07114353,0
cg07117087,0
cg07119855,0
cg07131451,0
cg07131533,0
cg07134240,0
cg07138437,0
cg07142461,0
cg07143052,0
cg07145843,0
cg07153353,0
cg07158747,0
cg07190012,0
cg07219448,0
cg07224291,0.018395065
cg07234865,0.109564521
cg07236812,0
cg07246225,0
cg07249227,0
cg07249939,0
cg07254032,0
cg07275860,0
cg07289766,0
cg07292994,0
cg07293320,0
cg07298772,0
cg07302069,0
cg07311313,0
cg07322750,0
cg07344086,0
cg07382554,0
cg07401901,0
cg07412048,0
cg07417146,0
cg07428697,0.001531759
cg07431199,0
cg07456629,0
cg07500659,0
cg07502389,0.372920494
cg07504616,0
cg07510539,0
cg07520269,0
cg07540032,0
cg07560681,0
cg07570570,0
cg07571117,0
cg07604651,0
cg07619656,0
cg07629125,0
cg07636145,0
cg07684169,0
cg07687349,0
cg07693037,0
cg07706844,0
cg07747635,0
cg07772999,0
cg07788537,0
cg07790870,0
cg07793203,0
cg07805952,0
cg07817024,0
cg07826326,0
cg07834314,0
cg07843568,0
cg07875786,0
cg07919443,0
cg07961015,0
cg07964178,0
cg07991288,0
cg08000413,0
cg08034440,0
cg08063724,0
cg08070771,0
cg08086221,0
cg08106706,0
cg08143349,0
cg08144172,0
cg08146609,0
cg08161081,0
cg08163578,0
cg08163918,0
cg08174373,0
cg08180952,0
cg08187246,0
cg08215774,0
cg08215831,0
cg08215925,0
cg08253970,0
cg08257855,0
cg08285141,0
cg08285151,0
cg08291302,0
cg08304103,0
cg08310277,-0.00147502
cg08322205,0
cg08327269,0.831411764
cg08343834,0
cg08347183,0
cg08350288,0
cg08355099,0
cg08355659,0
cg08370996,0.092985176
cg08404227,0
cg08435157,0
cg08478189,0
cg08479590,0
cg08496775,0
cg08500171,0
cg08500704,0
cg08505473,0
cg08512490,0
cg08522676,0
cg08538032,0
cg08540100,0
cg08541612,0
cg08564522,0
cg08573313,0
cg08575708,0
cg08615333,0
cg08665685,0
cg08681110,0
cg08693605,0
cg08695452,0
cg08701183,0
cg08722366,0
cg08733315,0
cg08737755,0
cg08742313,0
cg08745288,0
cg08767938,0
cg08771706,0
cg08774452,0
cg08806153,0
cg08843279,0
cg08846327,0
cg08855449,0
cg08871010,0
cg08882278,0
cg08900022,0
cg08900073,0
cg08924415,0
cg08928882,0
cg08933237,0
cg08938906,0
cg08949408,0
cg08949650,0
cg08961664,0
cg08962452,0
cg08965235,0
cg08965464,0
cg08992759,0
cg08995424,0
cg09010998,0
cg09023627,0
cg09025625,0
cg09035699,0
cg09036505,0
cg09068198,0
cg09123368,0
cg09145147,0
cg09152943,0
cg09164670,0
cg09171093,0
cg09171355,0
cg09172296,0
cg09174855,0
cg09213165,0
cg09217748,0
cg09227150,0
cg09254098,0
cg09267291,0
cg09278623,0.018841649
cg09355771,0
cg09370801,0
cg09375284,0
cg09388140,0
cg09393675,0
cg09411788,0
cg09438955,0
cg09455096,0
cg09481972,0
cg09486567,0
cg09509952,0.070472458
cg09511421,0
cg09515097,0
cg09537600,0
cg09545123,0
cg09545510,0
cg09549073,0
cg09567197,0
cg09578028,0
cg09579869,0
cg09586183,0
cg09588961,0
cg09601175,0
cg09607471,0
cg09610735,0
cg09618893,0
cg09624466,0
cg09643313,0
cg09645993,0
cg09661809,0
cg09673208,0
cg09706122,0
cg09711113,0
cg09728102,0
cg09735014,0
cg09746170,0
cg09784081,0
cg09793883,0
cg09816912,0
cg09817427,0
cg09825093,0
cg09828580,0
cg09840840,0
cg09841884,0
cg09871315,0
cg09871685,0
cg09884146,0
cg09886755,0
cg09890286,0
cg09892203,0
cg09899564,0
cg09906680,0
cg09908110,0
cg09926418,0
cg09938227,0.279952598
cg09942248,0
cg09951047,0
cg09989727,0
cg10049968,0
cg10062065,0
cg10084202,0
cg10106561,0
cg10116181,0
cg10121219,0
cg10129665,0
cg10131194,0
cg10132588,0
cg10141261,0
cg10147375,0
cg10153335,0
cg10162464,0
cg10165689,0
cg10183248,0
cg10196372,0
cg10215507,0
cg10216353,0
cg10236414,0
cg10238972,0
cg10239098,0
cg10260267,0
cg10263594,0
cg10277631,0
cg10288121,0
cg10294836,-0.429136566
cg10314406,0
cg10320446,0
cg10325336,0
cg10353436,0
cg10400390,0
cg10404717,0
cg10414058,0
cg10419849,0
cg10433918,0
cg10438011,0
cg10439765,0
cg10446143,0
cg10450897,0
cg10471976,0
cg10480741,0
cg10481534,0
cg10483776,0
cg10487127,0
cg10488199,0
cg10489928,0
cg10491556,0
cg10498963,0
cg10502710,0
cg10508317,-0.121667248
cg10512285,0
cg10530153,0
cg10537936,0
cg10538533,0
cg10541043,0
cg10544031,0
cg10546888,0
cg10550033,0
cg10556636,0
cg10577937,0
cg10588135,0
cg10588150,0
cg10596590,0
cg10606240,0
cg10607454,0
cg10624786,1.013196809
cg10632395,0
cg10644072,0
cg10696085,0
cg10698964,0
cg10709021,0
cg10721220,0
cg10724086,0
cg10737195,0
cg10765212,0
cg10766546,0
cg10770652,0
cg10792727,0
cg10810799,0
cg10816626,0
cg10858898,0
cg10906729,0
cg10918927,0
cg10959786,0
cg10974342,0
cg10983115,0
cg10991450,0
cg10997627,0
cg11005692,0
cg11007962,0
cg11015424,0
cg11032070,0
cg11036290,0
cg11084334,0.032209489
cg11086568,0
cg11115577,0.007870082
cg11124915,0
cg11128216,0
cg11128436,0
cg11134720,0
cg11142389,0.069694615
cg11155697,0
cg11157816,0
cg11172629,0
cg11185569,0
cg11205335,0
cg11208313,0
cg11209338,0
cg11209832,0
cg11209880,0
cg11217840,0
cg11230269,0
cg11254527,0
cg11269793,0
cg11279021,0
cg11299873,0
cg11308371,0
cg11313951,0
cg11321459,0
cg11321895,0
cg11368438,0
cg11370011,0
cg11375458,0
cg11389618,0
cg11399589,-0.032112465
cg11413443,0
cg11416597,0
cg11421160,0
cg11446193,0
cg11448896,0
cg11468000,0
cg11483789,0
cg11490944,0
cg11511443,0
cg11525285,0
cg11531787,0
cg11534937,0
cg11548411,0
cg11570383,0
cg11580575,0
cg11586890,0
cg11592548,0
cg11608114,0
cg11634198,0
cg11653789,0
cg11666770,0
cg11671363,-0.00591214
cg11686722,0
cg11694987,0
cg11703808,0
cg11755405,0
cg11758841,0
cg11771402,0
cg11811464,0
cg11822175,0
cg11827910,0
cg11856897,0
cg11880652,0
cg11900861,0
cg11904056,0
cg11939940,0
cg11942221,0
cg11955344,0
cg11956761,0
cg11970204,0
cg11991859,0
cg11992992,0
cg12025941,0
cg12046414,0
cg12055515,0
cg12062853,0
cg12069073,0
cg12071536,0
cg12083852,0
cg12101354,0
cg12114804,0
cg12116288,0
cg12121162,0
cg12149905,0
cg12188650,0
cg12195149,0
cg12201660,0
cg12203852,0
cg12212620,0
cg12214647,0
cg12220493,0
cg12231969,0
cg12232783,0
cg12249575,0.12843505
cg12256228,0
cg12273770,0
cg12294121,0
cg12315391,0
cg12330929,0
cg12336777,0
cg12370791,0
cg12373771,0.096618902
cg12378449,0
cg12385032,0
cg12417808,0
cg12434982,0.091838572
cg12448003,0
cg12451099,0
cg12462816,0
cg12472290,0
cg12477370,0
cg12482375,0
cg12493075,0
cg12509442,0
cg12509499,0
cg12521167,0
cg12539415,0
cg12539975,0
cg12642246,0
cg12663535,0
cg12687767,0
cg12688234,0
cg12712768,0
cg12757011,0
cg12761282,0
cg12764921,0
cg12774429,0
cg12781886,0
cg12782933,0
cg12797828,0
cg12798524,0
cg12810523,0
cg12823329,0
cg12826574,0
cg12846232,0
cg12886580,0
cg12891498,0
cg12908952,0
cg12918961,0
cg12934046,0
cg12935350,0
cg12946524,0
cg12952128,0
cg12958309,0
cg12975220,0
cg12981876,0
cg12988424,0
cg12997720,0
cg13008977,0
cg13026754,0
cg13039539,0
cg13065537,0
cg13102585,0
cg13105945,0
cg13107760,0
cg13113656,0
cg13158272,0
cg13163729,0
cg13172432,0
cg13225177,0
cg13228972,0
cg13237033,0
cg13243219,0
cg13244241,0
cg13247398,0
cg13254809,0
cg13274713,0
cg13284386,0
cg13301933,0
cg13309513,0
cg13341941,0
cg13384781,0
cg13420273,0.05203264
cg13467605,0
cg13484596,0
cg13488680,0
cg13492133,0
cg13492856,0
cg13493426,0
cg13496838,0
cg13500074,0
cg13510262,0
cg13541961,0
cg13544184,0
cg13546240,0
cg13561157,0
cg13577735,0
cg13588483,0
cg13618372,0
cg13635516,0
cg13643339,-0.065919563
cg13643585,0
cg13649253,0
cg13660279,0
cg13679010,0
cg13684553,0
cg13692433,0
cg13702222,0
cg13704497,0
cg13710662,0
cg13720362,0
cg13725272,-0.472074726
cg13737408,0
cg13741927,0
cg13744172,0
cg13768953,0
cg13789775,0
cg13804575,0
cg13806356,0
cg13818368,0
cg13832772,0
cg13834844,0
cg13840252,0
cg13848598,0
cg13851508,0
cg13862711,0
cg13884903,0
cg13888600,0
cg13910855,0
cg13915277,0
cg13922115,0
cg13924996,0
cg13930557,0
cg13935507,0
cg13959241,0
cg13967780,0
cg13977827,0
cg13978325,0
cg13982601,0
cg13984351,0
cg13993336,0
cg13995516,0
cg14012220,0
cg14019317,0
cg14024823,0
cg14030728,0
cg14036868,0
cg14040602,0
cg14057041,0
cg14059420,0
cg14060906,0
cg14085358,0
cg14091483,0
cg14094242,0
cg14102676,0
cg14136214,0
cg14139870,0
cg14155184,0
cg14158769,-0.017553374
cg14204791,0
cg14205016,0
cg14209399,0
cg14219291,0
cg14219918,0
cg14242895,0
cg14252141,0
cg14252486,0
cg14258341,0
cg14261840,0
cg14263924,0
cg14269973,0
cg14270348,0
cg14273219,0
cg14294721,0
cg14297772,0
cg14306812,0
cg14312965,0
cg14314614,0
cg14318001,0
cg14329189,0
cg14336003,0
cg14350002,0
cg14374760,0
cg14375924,0
cg14421309,0
cg14424049,0
cg14424836,0
cg14427009,0
cg14431257,0
cg14452952,0
cg14471793,0
cg14473568,0
cg14481339,0
cg14486921,0
cg14509153,0
cg14512425,0
cg14517144,0
cg14525247,0
cg14530275,0
cg14539532,0
cg14542590,0
cg14548925,0
cg14556189,0
cg14574905,0
cg14577476,0
cg14580567,0
cg14603406,0
cg14603973,0
cg14610189,0
cg14627743,0
cg14633466,0
cg14640670,0
cg14644523,0
cg14651844,0
cg14667871,0
cg14678442,0
cg14696586,0
cg14700821,0
cg14705099,0
cg14708847,-0.071619122
cg14730452,0
cg14741939,0
cg14745871,0
cg14747322,0
cg14751398,0
cg14758812,0
cg14783285,0
cg14800351,0
cg14807945,0
cg14811014,0
cg14814195,0
cg14829516,0
cg14848832,0
cg14872074,0
cg14883717,0.38353706
cg14891195,0
cg14902107,0
cg14904697,0
cg14914422,0
cg14922886,0
cg14925722,0
cg14961949,0
cg14973588,0
cg14991487,0
cg14992253,0
cg15012766,0
cg15016062,0
cg15022739,0
cg15028514,0
cg15051960,0
cg15060270,0
cg15074930,0
cg15084433,0
cg15091323,0
cg15109221,0
cg15112775,0
cg15112783,0
cg15157840,0
cg15239238,0
cg15240455,0
cg15253243,0
cg15264681,0
cg15273822,0
cg15279950,0
cg15297110,0
cg15325373,0
cg15330117,0.161779992
cg15336560,0
cg15362955,0
cg15377518,-0.341408028
cg15378605,0
cg15384821,0
cg15405572,0
cg15412759,0
cg15416233,0
cg15442907,0
cg15444788,0
cg15463769,0
cg15471501,0
cg15474859,0
cg15505103,0
cg15563057,0
cg15571405,0
cg15585036,0
cg15585576,0
cg15591276,0
cg15597107,0
cg15608939,0
cg15622040,0
cg15639581,0
cg15648389,0
cg15652120,0
cg15660418,0
cg15667675,0
cg15700006,0
cg15701281,0
cg15708373,0
cg15713630,0
cg15723222,0
cg15735984,0
cg15740979,0
cg15755084,0
cg15770575,0
cg15777606,0
cg15790852,0
cg15823859,0
cg15842967,0
cg15843929,0
cg15894722,0
cg15913680,0
cg15934191,0
cg15954878,0
cg15957055,0
cg15958715,0
cg15978039,0
cg15980492,0
cg15982700,0
cg15985470,0
cg16010809,0
cg16011371,0
cg16026813,0
cg16032050,0
cg16046465,0
cg16080654,0
cg16111239,0
cg16113298,0
cg16114007,0
cg16122796,0
cg16134607,0
cg16139770,0
cg16154416,0
cg16163981,0
cg16178942,0
cg16208240,0
cg16235582,0
cg16238815,0
cg16241714,0.051795569
cg16259859,0
cg16261691,0
cg16264705,0
cg16274762,0
cg16296826,0
cg16299341,0
cg16300531,0
cg16310491,0
cg16313026,0
cg16317038,0
cg16322406,0
cg16323231,0
cg16323498,0
cg16328394,0
cg16342115,0
cg16367989,0
cg16371518,0
cg16382030,0
cg16390944,0
cg16393928,0
cg16400495,0
cg16413715,0
cg16420308,0
cg16425858,0
cg16434657,0
cg16447012,0
cg16455791,0
cg16501572,0
cg16513467,0
cg16518772,0
cg16518996,0
cg16546279,0
cg16556111,0
cg16606195,0
cg16626387,0
cg16667475,0
cg16675758,0
cg16691593,0
cg16695688,0
cg16717122,0
cg16735021,0
cg16736080,0
cg16745091,0
cg16756631,0
cg16772207,0
cg16773741,0
cg16786028,0
cg16787065,0
cg16787483,0.005152164
cg16789680,0
cg16804284,0.221353946
cg16830078,0
cg16831573,0
cg16842643,0
cg16848873,0
cg16852837,0
cg16854524,0
cg16865908,0
cg16872560,0
cg16879052,0
cg16884658,0
cg16905926,0
cg16906822,0
cg16919675,0
cg16925177,0
cg16973098,0
cg16983152,0
cg16995983,0
cg17006779,0
cg17025275,0
cg17025741,0
cg17026220,-0.078072123
cg17033047,0
cg17061244,0
cg17064981,0
cg17072671,0
cg17074762,0
cg17127214,0
cg17133045,0
cg17154022,0
cg17156558,0
cg17164063,0
cg17177455,0
cg17178220,0
cg17183991,0
cg17218628,0
cg17229698,0
cg17232476,0
cg17233506,0
cg17245223,0
cg17271471,0
cg17285325,0
cg17301015,0
cg17309014,0
cg17318138,0
cg17331461,0
cg17355765,0
cg17369088,0
cg17378114,0
cg17404915,0
cg17408789,0
cg17415555,0
cg17421417,0
cg17425584,0
cg17426166,-0.204127984
cg17454831,0
cg17469019,0
cg17489939,0
cg17500265,0
cg17503252,0
cg17507887,0
cg17526513,0
cg17558214,0
cg17564205,0
cg17569124,0
cg17583256,0
cg17584085,0
cg17596554,0
cg17609931,0.401783241
cg17648878,0
cg17651973,0
cg17656396,0
cg17687367,0
cg17705334,0
cg17715469,0
cg17726978,0
cg17736030,0
cg17783509,0
cg17808882,0
cg17844121,0
cg17850518,0
cg17860485,0
cg17873451,0
cg17879189,0
cg17921193,0
cg17933386,0
cg17944110,0
cg17952647,0
cg17954486,0
cg17957186,0
cg17977273,0
cg17978037,0
cg18013921,0
cg18016365,0
cg18020072,0
cg18022224,0
cg18026227,0
cg18030834,0
cg18058895,0
cg18075627,0
cg18081750,0
cg18081760,0
cg18093751,0
cg18123948,0
cg18127966,0
cg18158391,0
cg18183671,0
cg18200760,0
cg18206459,0
cg18228590,0.046068607
cg18230558,0
cg18242712,-0.114343132
cg18243072,0
cg18299835,0
cg18304195,0
cg18305324,0
cg18327385,0
cg18334881,0
cg18338863,0
cg18361975,0
cg18362489,0
cg18388380,0
cg18397523,0
cg18411550,0
cg18425696,0
cg18442187,0
cg18472228,0
cg18488855,0
cg18501647,0
cg18512092,0
cg18527971,0
cg18533466,0
cg18543035,0
cg18555199,0
cg18568634,0
cg18640030,0
cg18684142,0
cg18709313,0
cg18713221,0
cg18717447,0
cg18744777,0
cg18753841,0
cg18772588,0
cg18772668,0
cg18776764,0
cg18780257,0
cg18809102,0
cg18809289,0
cg18815647,0
cg18864227,0
cg18871253,0
cg18884271,0
cg18897345,0
cg18918349,0
cg18930863,0
cg18937321,0
cg18963985,0
cg18977436,0
cg18991169,0
cg19025573,0
cg19092999,0
cg19096389,0
cg19098437,0
cg19104072,0
cg19123296,0
cg19144071,0
cg19148866,0
cg19175123,0
cg19182468,0
cg19187110,0
cg19258425,0
cg19265518,0
cg19280586,0
cg19283264,0
cg19323059,0
cg19327615,0
cg19328475,0
cg19333286,0.094199627
cg19355190,0
cg19382919,0
cg19391515,0
cg19397128,0
cg19425332,0
cg19439043,0
cg19448990,0
cg19451261,0
cg19455189,0
cg19463228,0
cg19477942,0
cg19482025,0
cg19507206,0
cg19513247,0
cg19514725,0
cg19523029,0
cg19534149,0
cg19534879,0
cg19547516,0
cg19555331,0
cg19583211,0
cg19613722,0
cg19619003,0
cg19629292,0
cg19630242,0
cg19630841,0
cg19634247,0
cg19685479,0
cg19691778,0
cg19695777,0
cg19702779,0
cg19711579,0.16253351
cg19714132,0
cg19716713,0
cg19729279,0
cg19764539,0
cg19769850,0
cg19775589,0
cg19777105,0.003122226
cg19786084,0
cg19791395,0
cg19827223,0
cg19841211,0
cg19866637,0
cg19867914,0
cg19871388,0
cg19874047,0
cg19889017,0
cg19897940,0
cg19899882,0
cg19901381,0
cg19927028,0
cg19935481,0
cg19938436,0
cg19939065,0
cg19976011,0
cg19977633,0
cg20002283,0
cg20014398,0
cg20066627,0
cg20076842,0
cg20085561,0
cg20107824,0
cg20118823,0
cg20123891,0
cg20138186,0
cg20141509,0
cg20162381,0
cg20185609,0
cg20215112,0
cg20259401,0
cg20268522,0
cg20284937,0
cg20288000,0
cg20291049,0
cg20291436,0
cg20295353,0
cg20315951,0
cg20316549,0
cg20350671,0
cg20374928,0
cg20381985,0
cg20397034,0
cg20399260,0
cg20402664,0
cg20416031,0
cg20434856,0
cg20465008,0
cg20474425,0
cg20480274,0
cg20485144,0
cg20508187,0
cg20524211,0
cg20546778,0
cg20552236,0
cg20555507,-0.158512712
cg20563498,0
cg20569804,0
cg20595453,-0.299492403
cg20647467,0
cg20651417,0
cg20654074,0
cg20662616,0
cg20668096,0.019821024
cg20682981,0
cg20710709,0
cg20710888,0
cg20725021,0
cg20747380,0
cg20754348,0
cg20761322,0
cg20770516,0
cg20784391,0
cg20786058,0
cg20796968,0
cg20804050,0
cg20821442,0
cg20823348,0
cg20838429,0
cg20842326,0
cg20855763,0
cg20872072,0
cg20896439,0
cg20914508,0
cg20940153,0
cg20944964,0
cg20945212,0
cg20951825,0
cg20954708,0
cg20959523,0
cg20963741,0
cg20966972,0
cg21008602,0
cg21027282,0
cg21031345,0
cg21032628,0
cg21084516,0
cg21097283,0
cg21098898,0
cg21102477,0
cg21118939,0
cg21120063,0
cg21122529,0
cg21129531,0
cg21148362,0
cg21164975,0
cg21166964,0
cg21180178,0
cg21191843,0
cg21217093,0
cg21226516,0
cg21242356,0
cg21244191,0
cg21244955,0
cg21264443,0
cg21278764,-0.012632759
cg21296320,0
cg21313298,0
cg21319323,0
cg21322241,0
cg21330727,0
cg21338479,0
cg21380560,0
cg21447117,0
cg21450888,0
cg21454760,0
cg21472737,0
cg21487207,0
cg21493516,0
cg21501358,0
cg21502154,0
cg21511816,0
cg21513836,0
cg21526150,0
cg21526212,0
cg21533331,0
cg21545849,0
cg21574349,0
cg21596317,0
cg21602557,0
cg21622464,0
cg21630368,0
cg21650422,0
cg21650436,0
cg21657265,0
cg21667796,0
cg21685750,0
cg21696089,0
cg21710060,0
cg21723486,0
cg21762820,0
cg21785710,0
cg21805940,0
cg21817179,0
cg21821214,0.281002965
cg21836062,0
cg21838477,0
cg21848407,0
cg21849844,0
cg21852513,0
cg21857363,0
cg21876626,0
cg21884905,0
cg21902327,0.018189247
cg21913681,0
cg21949697,0
cg21962423,0
cg21972990,0
cg21973276,0
cg21973667,0
cg21989886,0
cg21992250,0
cg22007666,0
cg22029297,0
cg22057720,0
cg22059812,0
cg22121570,0
cg22143274,0
cg22146484,0
cg22151587,0
cg22158769,0
cg22166290,0
cg22183626,0
cg22190090,0
cg22213242,0
cg22241443,0
cg22242857,0
cg22283959,0
cg22305782,0
cg22306928,0
cg22322375,0
cg22336337,0
cg22342100,0
cg22343459,0
cg22358580,0
cg22359606,0
cg22363783,0
cg22363893,0
cg22376688,0
cg22378817,0
cg22417789,0
cg22419039,0
cg22464182,-0.741696083
cg22493172,0
cg22513691,0
cg22526531,0
cg22548438,0
cg22560410,0
cg22568695,0
cg22619563,0
cg22674717,0
cg22693978,0
cg22694153,0
cg22718540,0
cg22721472,0
cg22732253,0
cg22745440,0
cg22747076,0
cg22756866,0.027872827
cg22787311,0
cg22790931,0
cg22800590,0
cg22821358,0
cg22824265,0
cg22853713,0
cg22879626,0
cg22880373,0
cg22885062,0
cg22885558,0
cg22893791,0
cg22899100,0
cg22921760,0
cg22935821,0
cg22943986,0
cg22944122,0.672310025
cg22956015,0
cg22956116,0
cg23001918,0
cg23016257,0
cg23019935,0
cg23037611,0
cg23047434,0
cg23068476,0
cg23087020,0
cg23093870,0
cg23101259,0
cg23114866,0
cg23128382,0
cg23146472,0
cg23147149,0
cg23148651,0
cg23180365,0
cg23181591,0
cg23191292,0
cg23209537,0
cg23217865,0
cg23220346,0
cg23225221,0
cg23234179,0
cg23235460,0
cg23262134,0
cg23276047,0
cg23278196,0
cg23311800,0
cg23324048,0
cg23340478,0
cg23345561,0
cg23363971,0
cg23366861,0
cg23393100,0
cg23398076,0
cg23402444,-0.06831414
cg23432345,0
cg23437216,0
cg23445360,0
cg23449696,0
cg23480730,0
cg23493031,0
cg23493585,0
cg23503691,0
cg23526824,0
cg23535950,0
cg23536300,0
cg23559331,0
cg23563008,0
cg23564550,0
cg23571288,0
cg23572376,0
cg23590302,0
cg23606623,0
cg23619357,0
cg23627350,0
cg23630423,0
cg23643330,0
cg23658721,0
cg23662675,0.860371946
cg23662713,0
cg23687194,0
cg23699324,0
cg23702568,0
cg23712970,0
cg23730260,0.077847093
cg23751724,0
cg23763736,0
cg23773983,0
cg23787205,0.093650546
cg23812660,0
cg23819016,0
cg23829949,0
cg23834494,0
cg23838245,0
cg23842109,0
cg23867085,0
cg23907260,0
cg23934404,0
cg23936031,0
cg23939037,0
cg23939166,0
cg23949524,0
cg23972738,0
cg23974202,0
cg23992472,0
cg24005685,0
cg24023187,0
cg24043916,0
cg24044043,0
cg24059119,0
cg24084358,0
cg24090938,0
cg24104938,0
cg24119607,0
cg24156613,0
cg24157652,0
cg24178740,0
cg24180066,0
cg24184449,0
cg24221639,0
cg24221992,0
cg24228707,0.053240094
cg24230340,0
cg24266105,0
cg24282486,0
cg24291087,0.109755973
cg24293689,0
cg24317217,0
cg24317827,0
cg24333845,0
cg24336374,0
cg24341129,0
cg24347950,0
cg24349919,0
cg24351649,0
cg24352393,0.059593314
cg24355006,0
cg24370974,0
cg24376537,0
cg24382823,0
cg24398061,0
cg24430034,0
cg24430580,0
cg24446586,0
cg24455383,0
cg24460268,0
cg24465674,0
cg24482288,0
cg24489237,0
cg24500832,0
cg24504442,0
cg24507502,0
cg24528447,0
cg24530271,0
cg24545466,0
cg24546928,0
cg24571227,0
cg24580106,0
cg24596898,0
cg24603803,0
cg24633967,0
cg24642372,0
cg24643211,-0.310301051
cg24644551,0
cg24648594,0
cg24655222,0
cg24664689,0
cg24677671,0
cg24682415,0
cg24686610,0.100361802
cg24694549,0
cg24707416,0
cg24719193,0
cg24719601,0
cg24764793,0
cg24786875,0
cg24786986,0
cg24797493,0
cg24799830,0
cg24799921,0
cg24806294,0
cg24809958,0
cg24830738,0
cg24831051,0
cg24855781,0
cg24864887,0
cg24873842,0.043592989
cg24932816,0
cg24942186,0
cg24947764,0
cg24966735,0
cg24975211,0
cg25033393,0
cg25056770,0
cg25057269,0
cg25093813,0
cg25107978,0
cg25130381,0
cg25140607,0
cg25161386,0
cg25217583,0
cg25231972,0
cg25273233,0
cg25296103,0
cg25334215,0
cg25341423,0
cg25379954,0
cg25381383,0
cg25400358,0
cg25405123,-0.616412679
cg25406138,0
cg25408698,0
cg25418200,0.257305387
cg25425140,0
cg25430192,0
cg25487430,0
cg25511621,0
cg25512912,0
cg25539759,0
cg25544551,0
cg25556035,0
cg25560333,-0.547702017
cg25561913,0
cg25565820,0
cg25577821,0
cg25584626,0.074691581
cg25600606,0
cg25625146,-0.352003098
cg25649680,0
cg25654577,0
cg25657187,0
cg25664402,0
cg25673593,0
cg25683012,0
cg25708328,0
cg25729765,0
cg25764105,0
cg25793931,0
cg25836301,0
cg25848520,0
cg25852019,0
cg25856018,0
cg25896754,0
cg25921461,0
cg25925945,-0.033379949
cg25935831,0
cg25939793,0
cg25940847,0
cg25959798,0
cg25961903,0
cg25965355,0
cg25997426,0
cg26018357,0
cg26032198,0
cg26035702,0
cg26036806,0
cg26041232,0
cg26046953,0
cg26067250,0
cg26072749,0
cg26078513,0
cg26093175,0
cg26105057,0
cg26113488,0
cg26129339,0
cg26149738,0
cg26156120,0
cg26168324,0
cg26216002,0
cg26219540,0
cg26227005,0
cg26227044,0
cg26227101,0
cg26232187,0
cg26234638,0
cg26251208,0
cg26253898,0
cg26259758,0
cg26260350,0
cg26267081,0
cg26294431,0.170957451
cg26297738,0
cg26312920,0
cg26316946,0
cg26320696,0
cg26353121,0
cg26354128,0
cg26382551,0
cg26409855,0
cg26411814,0
cg26417435,0
cg26422022,0
cg26422472,0
cg26429530,0
cg26452091,0
cg26452915,0
cg26466145,0
cg26485825,0
cg26491213,0
cg26507427,0
cg26509965,0.223151515
cg26512254,0
cg26517714,0
cg26521186,0
cg26522240,0
cg26540559,0
cg26575738,0
cg26585352,0
cg26626089,0
cg26632416,0
cg26647139,0
cg26650303,0
cg26654286,0
cg26672959,0
cg26702116,0
cg26703664,0
cg26708100,0
cg26709300,0
cg26748472,0
cg26757097,0
cg26757820,0
cg26761047,0
cg26784682,0
cg26789332,0
cg26809911,0
cg26844246,0
cg26845838,0
cg26857408,0
cg26866452,0
cg26880891,0
cg26887379,0
cg26906731,0
cg26909613,0
cg26917873,0
cg26921187,0
cg26930643,0
cg26965597,0
cg26984049,0
cg27007358,0
cg27016494,0
cg27050612,0
cg27051937,0
cg27064708,0
cg27088725,0
cg27090975,0
cg27109568,0
cg27122431,0
cg27137389,0
cg27207932,0
cg27236629,0
cg27261136,0
cg27304516,0
cg27310594,0
cg27343801,0
cg27344462,0.120870161
cg27382459,0
cg27397465,0.987376544
cg27397943,0
cg27425459,0
cg27441225,0
cg27443693,0
cg27447131,0
cg27450153,0
cg27492942,0
cg27522154,0
cg27523547,0
cg27537290,-0.136215215
cg27556193,0
cg27556492,0
cg27564792,0
cg27569107,0
cg27572510,0
cg27579480,0
cg27587645,0
cg27596707,0
cg27630192,0
cg27637521,0
cg27650171,0
cg27656592,0